,Andrew Ng,Li Fei-Fei,Yann LeCun
Andrew Ng,0.9999999,0.44047478,0.3598374
Li Fei-Fei,0.44047478,1.0,0.25187677
Yann LeCun,0.3598374,0.25187677,0.9999998
